TITLE,DESCRIPTION,PRICE,CURRENCY_CODE,QUANTITY,TAGS,MATERIALS,IMAGE1,IMAGE2,IMAGE3,IMAGE4,IMAGE5,IMAGE6,IMAGE7,IMAGE8,IMAGE9,IMAGE10,VARIATION 1 TYPE,VARIATION 1 NAME,VARIATION 1 VALUES,VARIATION 2 TYPE,VARIATION 2 NAME,VARIATION 2 VALUES
Noat Allure Riding Boots,"Gently Used
Exterior scuffs or marksMissing accessories (shoebox, dustbag)
This item has visible signs of wear

Noat Allure Woman's Black/Brown Boots 
List Price $315

Sz 38 #2
Suede boots with Brown Leather Straps riveted on

GENDER woman
CONDITION in excellent condition, item is pre-owned and unworn.
PLEASE SEE PHOTOS FOR MORE DETAIL
MEASUREMENTS
BALL OF FOOT 3
LENGTH 10
HEEL HEIGHT 3",125,USD,1,"Clothing,Shoes,Women,Noat,Allure,Suede_Boots,Leather_Boots",,https://img.etsystatic.com/il/d48969/1513352032/il_fullxfull.1513352032_2ci2.jpg?version=0,https://img.etsystatic.com/il/8e799a/1560814925/il_fullxfull.1560814925_2vw5.jpg?version=0,https://img.etsystatic.com/il/d487e5/1560814921/il_fullxfull.1560814921_d0tf.jpg?version=0,,,,,,,,,,,,,
"Set - Pearl Necklace, Bracelet and 14K Earrings","Pearl Necklace,Bracelet w 10K Gold Clasp & 14K Gold Earrings

All materials tested. 

Necklace is 18"" long and the pearls are 5.9mm in diameter.

The bracelet is 7.5"" long and the pearls are 5.4mm in diameter.

The earrings dangle 1.25"" long and the pearls are 4.8mm in diameter.


Clasp Markings:

10K - 

Total Weight: 26.9 grams",55,USD,1,"Jewelry,Pearl,Set_of_Pearls,14k,10k,Gold","Pearl,Gold",https://img.etsystatic.com/il/b1e573/1560680159/il_fullxfull.1560680159_2y84.jpg?version=0,,,,,,,,,,,,,,,
10K Gold Diamond Bridal Engagement Ring Sz 4,"10K Gold Diamond Bridal Engagement Ring

Measurements:

Ring: 4

Diamond Sizes: APPROX 1.50mm AND 2.60mm

Markings: W ^ S, 10K

Total Weight: 1.6g",65,USD,1,"Jewelry,Ring,Gold,10K,Engagement_Ring,Diamond",Gold,https://img.etsystatic.com/il/2a78ca/1560661005/il_fullxfull.1560661005_fa23.jpg?version=0,,,,,,,,,,,,,,,
"2 Pairs, Solid 14K Yellow Gold, 3.25g Hoop Earrings","Solid 14K Yellow Gold Earrings


Total Weight: 3.25 Grams

3/4"" and 1"" in diameter


Rhinestones 


Condition: Excellent and Very Good",50,USD,1,"Jewelry,Earrings,Solid_Gold,14k_Gold,Hoop_Earrings",Gold,https://img.etsystatic.com/il/94c7be/1513075162/il_fullxfull.1513075162_9wy3.jpg?version=0,,,,,,,,,,Style,Style,"Rhinestone Hoops,Solid Hoops,Set of 2 pr",,,
1909 Taft Inaugural Medal,"Inaugural Medal from the 1909 election of United States President William Howard Taft and Vice President James Sherman. 

 Medal Producer was Joseph K. Davison & Sons. A limited quantity of 3,000 medals were originally issued, far fewer remain in circulation today. 

Condition: Very Good

Size: 51 mm Diameter



Some Oxidation/Discoloration on front, Copper still shines",145,USD,1,"Vintage,Collectibles,Taft,Inaugural,Medal,Rare_Coin,Numismatics",,https://img.etsystatic.com/il/a7063d/1513073688/il_fullxfull.1513073688_1hc6.jpg?version=0,,,,,,,,,,,,,,,
14K White Gold Pave Diamond Ring with Band,"14K White Gold Diamond Engagement Ring
Size 6.5
1.69g

Diamonds measure 1mm and 1.5mm in the center
Diamond Weight: 0.40 Carat t.w.
Diamond Color:  I - J
Diamond Clarity: SI2 - I1
Maker's Mark 


14k White Gold Band 
Size 6.25 
1.52g
2mm width

[One client requested a smaller band to hold onto a tapered finger, it can be resized or sold seperately.]",50,USD,2,"Jewelry,Ring,Wedding_Bands,White_Gold,Diamonds,14K,Solid_Gold,Engagement_Ring","Gold,Diamond",https://img.etsystatic.com/il/32ca06/1513068778/il_fullxfull.1513068778_gv1q.jpg?version=0,https://img.etsystatic.com/il/42463d/1560533591/il_fullxfull.1560533591_a6ew.jpg?version=0,,,,,,,,,Style,Style,"Wedding Set,Pave Set Diamond,Band",,,
Etinne Aigner Riding Boots,"Etienne Aigner Women's Black Riding Boots
Embossed upper and unworn soles. 

Size 9",45,USD,1,"Clothing,Shoes,Women,Etienne_Aigner,Riding_Boots,Boots",,https://img.etsystatic.com/il/5ca6d8/1510903460/il_fullxfull.1510903460_p6dy.jpg?version=0,,,,,,,,,,,,,,,
Coach Mariette Snow Boots,"Coach Mariette Boots

Perfect for Mammoth or Teton!
Size  5 M

Pre-owned, nearly unused
Comes in New Shoe Box w Tissue
Product Identifiers
GTIN0663360510741
BRANDCoach
UPC0663360510741

StyleSnow, Winter Boots
Extra Material: Fur
US Shoe Size (Women's)5
WidthMedium (B, M)
Heel HeightLow (3/4 in. to 1 1/2 in.)
ColorBlack
FasteningZip
PatternTextured",75,USD,1,"Clothing,Shoes,Women,Coach,Mariette,Snow_Boots,Boots,w_Box",,https://img.etsystatic.com/il/4374c8/1510899466/il_fullxfull.1510899466_bnsd.jpg?version=0,https://img.etsystatic.com/il/ca77ed/1558361455/il_fullxfull.1558361455_dp4a.jpg?version=0,,,,,,,,,,,,,,
Prada Gold Satchel w Tura Sunglasses,"Prada Italy Gold Satchel 

Pre-owned, Gently Used
Exterior scuffs or marks, Leather aging and very clean inside.

W Tura Glasses Gold Satchel
10""L x 5""W x 7""H

Prada Italy Gold Satchel 
Purchase at Full Price, I will throw in Tura Green Sunglasses as a thank you. 

Otherwise, willing to work out price. Make a reasonable offer. 

Length(in.):10
Width(in.):5
Height(in.):7
Drop(in.):4

CONDITION: Pre-owned, wear on the outside and very clean inside.
-Free Of Odor -

[Glasses are non prescription, Pre-owned, excellent condition, without case.]",367,USD,1,"Bags_And_Purses,Prada,Satchel,Purse,Handbag",,https://img.etsystatic.com/il/c161f0/1560809975/il_fullxfull.1560809975_fbxa.jpg?version=0,https://img.etsystatic.com/il/60a0fd/1558303549/il_fullxfull.1558303549_o6ji.jpg?version=0,https://img.etsystatic.com/il/52931d/1560809761/il_fullxfull.1560809761_lbkl.jpg?version=0,,,,,,,,,,,,,
XOXO Diversion Satchel,"A wonderful addition to any purse or hand bag collection, this XOXO Diversion Satchel features no rips, tears, or stains.   Item is new and unused and comes with original packing contents still inside and original tags. See images for more details.

Measurements:

 Length- 11""

 Width- 4.5""

 Height- 8""

 Drop- 9""""

Color: Black

Style No.: 54199

Weight: 1 lb

Material: Leather, Metal Zipper.",45,USD,1,"Bags_And_Purses,XOXO,Diversion_Satchel,Handbags,Purse",Leather,https://img.etsystatic.com/il/a1e846/1509495332/il_fullxfull.1509495332_qop5.jpg?version=0,,,,,,,,,,,,,,,
Jones New York Leather Backpack,"Jones New York Ladies Leather Backpack, With Zipper closure On Top. Please, see photos for details.

Brand :Jones New York

Width 8""; height 12"" and bottom width 5"".

Condition: Some scratches around. Some wear on bottom

Color:Black",45,USD,1,"Bags_And_Purses,Jones_New_York,Backpack,Purse,Handbag,Leather",Leather,https://img.etsystatic.com/il/7936cc/1509480382/il_fullxfull.1509480382_i9ek.jpg?version=0,,,,,,,,,,,,,,,
Turquoise and Bead Necklace,"Turquoise and Bead Southwestern Necklace

A chunk of Turquoise mined in the Southwest offset with traditional beads",45,USD,1,"Jewelry,Necklace,Turquoise,Beads,Indian,Southwestern,Kingman,Sleeping_Beauty",Turquoise,https://img.etsystatic.com/il/6e4318/1556934683/il_fullxfull.1556934683_3zhp.jpg?version=0,https://img.etsystatic.com/il/381de6/1556934619/il_fullxfull.1556934619_snyt.jpg?version=0,,,,,,,,,,,,,,
Kingman Turquoise Cabachon 18K Gold,"Kingman Mine Turquoise Cabachon, fine specimen high grade
18K Gold Triple Clad Over high grade Jeweler's Brass
Size 5
5.3g
This was a promotional ring from JTV, tags still on the item.",45,USD,1,"Jewelry,Ring,Kingman_Turquoise,Turquoise,Cabachon,18k,Gold",,https://img.etsystatic.com/il/2955d5/1556931273/il_fullxfull.1556931273_azc0.jpg?version=0,,,,,,,,,,,,,,,
Southwestern .925 Sterling Silver Turquoise,"Southwestern Sterling Silver and Turquoise 

Cross Turquoise and Lapis Inlay Necklace - Sleeping Beauty Center Stone

Turquoise Tear Drop Necklace - Kingman

Horseshoe Clasp Bangle

Turquoise Bracelet - Sleeping Beauty 

Turquoise Chip Drop Earrings - Kingman Mines

Turquoise Ring - Kingman",18,USD,10,Jewelry,"Turquoise,Silver",https://img.etsystatic.com/il/f5ccda/1509693488/il_fullxfull.1509693488_clpi.jpg?version=0,https://img.etsystatic.com/il/4c0b8b/1556901579/il_fullxfull.1556901579_ly35.jpg?version=0,,,,,,,,,Style,Style,"Turq Lapis Cross,Turq Tear Drop,Horseshoe Clasp Bngl,Turqs Bracelet,Turqs Chip Drop Ear,Turqs Ring",,,
Dooney & Bourke Reptilian Themed Leather Purse,"Dooney & Bourke

Material: Leather 

Serial # (if applicable): J0993372

Color: Various shades of brown 

Length (in.): 11""

Width (in.): 5""

Height (in.): 7""

Strap Drop (in.): 10""

Total Pockets: 5 pockets 

Pre-owned, wear in some areas, clean interior",125,USD,1,"Bags_And_Purses,Leather_Bag,Handbag,Alligator,Dooney_and_Burke",Leather,https://img.etsystatic.com/il/cc80f4/1556569149/il_fullxfull.1556569149_tu09.jpg?version=0,https://img.etsystatic.com/il/20fdf6/1509102856/il_fullxfull.1509102856_q3u5.jpg?version=0,,,,,,,,,,,,,,
Anne Klein Blue Handbag,"Anne Klein Blue Handbag

12"" wide, 7"" deep with a 9.5"" handle

Condition:

great condition, clean inside",25,USD,1,"Bags_And_Purses,Anne_Klein,Blue,Handbag",,https://img.etsystatic.com/il/7be82b/1556554761/il_fullxfull.1556554761_dbdy.jpg?version=0,,,,,,,,,,,,,,,
Bruno Magli Womens Shoes Size 6M,"Out of the Prop Room Gallery
Bruno Magli Womens Shoes Size 6M.
Made in Italy
Leather
Measurements: Heel To Toe 9"", Width 3""
Approximate Weight: 1.00 lb
Condition: Excellent
Pre-owned",65,USD,1,"Clothing,Shoes,Women,Bruno_Magli,Leather,Women's_Shoes,Size_6M",Leather,https://img.etsystatic.com/il/6b7e79/1556570561/il_fullxfull.1556570561_zv0l.jpg?version=0,https://img.etsystatic.com/il/f68543/1509084492/il_fullxfull.1509084492_goyd.jpg?version=0,,,,,,,,,,,,,,
Tiffany & Co.  .925 Sterling Necklace,"Tiffany & Co. 925 Sterling Necklace

Markings: 925 

Tiffany & Co. 

Measurements: 16.8"" L",76.5,USD,1,"Jewelry,Necklace,925,Sterling_Necklace,Tiffany,Sterling_Silver",Silver,https://img.etsystatic.com/il/4e1b04/1556396721/il_fullxfull.1556396721_ki7f.jpg?version=0,,,,,,,,,,,,,,,
Set -Tiffany & Co. 1837 .925 Sterling Silver Ring and Bangle Set - Retired,"Retired -1837 Reproduction Design
Tiffany & Co. 925 Sterling Silver Bangle Bracelet

1997 Tiffany & Co. 925 T & Co. 1837

3 inches in diameter,
0.5 inch wide, 
weighs 56.3 grams

Materials: .925 sterling silver

Retired -1837 Reproduction Design
Tiffany & Co. .925 Sterling Silver Ring
Materials: 925 Silver
Size: 7.5
Brands/Markings: 925 Tiffany & Co.
Actual Weight(grams:): 7.9g",395,USD,1,"Jewelry,Bracelet,Tiffany,1997,1837,Steling_Silver,Bangle_Bracelet",Sterling Silver,https://img.etsystatic.com/il/ae2ed8/1509074900/il_fullxfull.1509074900_btjf.jpg?version=0,https://img.etsystatic.com/il/e13941/1556570871/il_fullxfull.1556570871_mj55.jpg?version=0,https://img.etsystatic.com/il/9c3771/1556361375/il_fullxfull.1556361375_by0m.jpg?version=0,https://img.etsystatic.com/il/f3499a/1556361301/il_fullxfull.1556361301_h1tv.jpg?version=0,https://img.etsystatic.com/il/1fe1e1/1508896422/il_fullxfull.1508896422_2hyh.jpg?version=0,,,,,,,,,,,
Solid 14K Gold Rings,"Solid 14k Gold Rings:

Twist -     1.985g
Trinity -    1.62
Flower -   2.449g 
Band -      2.653g
Triangle - 2.768g
Turquoise - .88g",110,USD,10,"Jewelry,Ring,Solid_Gold,14k,Rings,Stacker,Bands,Turquoise",Gold,https://img.etsystatic.com/il/a43f03/1556348511/il_fullxfull.1556348511_2jou.jpg?version=0,,,,,,,,,,Style,Style,"Twist,Trinity,Flower,Band,Triangle,Turquoise",,,
Solid 10kt Gold Estate Ring,"Solid 10kt Gold Ring

Marked: F with Maker's Mark

Size: 9
Total Weight: 2.09g",65,USD,1,"Jewelry,Ring,10k,Gold,Solid_Gold,Wedding_Band,Wedding,Ring",Gold,https://img.etsystatic.com/il/1fd06b/1508869616/il_fullxfull.1508869616_8mr3.jpg?version=0,,,,,,,,,,,,,,,
"Rock Revival Jeans, 27 X 34","Rock Revival Men's Jeans, 27 X 34

Cael - with tags on

These seem sized for juniors, on the narrow side, but very solidly built.",46,USD,1,"Clothing,Pants,Rock_Revival,Men's_Jeans,Juniors,Teens",Denim Canvas,https://img.etsystatic.com/il/9405df/1556320415/il_fullxfull.1556320415_9jvj.jpg?version=0,https://img.etsystatic.com/il/c30aec/1556313783/il_fullxfull.1556313783_2s04.jpg?version=0,,,,,,,,,,,,,,
"Polo Ralph Lauren Men's Shirts, Henly","Polo Ralph Lauren Men's T-Shirt, Henly, 
Sizes M, Lg, 2XL,

Still with tags and labels, unworn

Super Soft High Percale/GSM Supima Cotton Jersey Knit",10,USD,3,"Clothing,Shirt,Ralph_Lauren,Shirts,Cotton,Soft",Cotton,https://img.etsystatic.com/il/93981c/1556300211/il_fullxfull.1556300211_tubt.jpg?version=0,,,,,,,,,,Unisex shirt size,Size,"M,L,2X",,,
Juicy Couture Handbag With Lips Coin Purse,"Juicy Couture Handbag With Lips Coin Purse

Number: HJC53SH041
Dust Bag: No
Original Box: No
Measurements: aprox. 10.5"" x 5"" x 8""
Includes pink lip-shaped coin purse

Unused and perfect.",85,USD,1,"Bags_And_Purses,Juicy_Couture,Handbag,Coinpurse,lips",,https://img.etsystatic.com/il/1f25dd/1556290171/il_fullxfull.1556290171_c90l.jpg?version=0,,,,,,,,,,,,,,,
10kt White Gold 1.5g Diamond Band Ring,"10kt White Gold 1.5g Diamond Band Ring
10 Karat Solid White Gold Ring
Diamonds in Setting, 
Color: G, H 
Clarity: SI2
Size: 5.25
Total Weight: 1.5g",75,USD,1,"Jewelry,Ring,Diamond,White_Gold,Gold,Solid_Gold,10k","Diamond,White gold",https://img.etsystatic.com/il/b71b90/1508824420/il_fullxfull.1508824420_9s7l.jpg?version=0,,,,,,,,,,,,,,,
Vintage Estate Tooled Sterling Silver Hoops,"Sterling Silver Tooled Southwestern Hoop Earrings 

Markings: Unmarked 

Measurements: 1.05"" L",25,USD,1,"Jewelry,Earrings,Sterling_Silver,Hoop,Earrings",Silver,https://img.etsystatic.com/il/e119fa/1556277191/il_fullxfull.1556277191_lz23.jpg?version=0,,,,,,,,,,,,,,,
Smells Like Juicy By Juicy Couture Women's Boots,"Smells Like Juicy By Juicy Couture Women's Brown Suede Leather Boots, 

Size 9
Pre-owned, minor scuffs",35,USD,1,"Clothing,Shoes,Women,Smells_Like_Juicy,Juicy_Couture,Boots,Size_9",Leather,https://img.etsystatic.com/il/1883dd/1556268075/il_fullxfull.1556268075_cj3v.jpg?version=0,,,,,,,,,,,,,,,
"Heart Stack Set in Sterling, Ruby, Diamond, Sapphire","The Heart Stack Set: We landed a bulk lot from a Gallery Show. Consider these for the perfect Bridesmaids Gifts! [If purchasing more than two sets, I will offer an incredible bulk price.]

Ruby Red Heart Ring Set in Solid .925 Sterling 
w 6 round single cut diamond accents and 8 Sapphires
Size 6 
Ruby Red Heart Center
Minimum Carat Total Weight:<1/10 ctw (0.00 - 0.08)
Gemstone Length:6.00 mm
Gemstone Width:6.00 mm
Center Stone Color:Red
Stone Type:Gemstone
Stone Shape:Heart
Average Color:HI
Average Clarity:I2-I3
Makers Mark


Ruby Red and White Sapphire Band 
Set in Solid .925 Sterling Silver 
Size 6
Stone Type: Sapphire
Stone Shape:Oval
Center Stone Nature:Natural
Gemstone Length:2.00 mm
4.00 mm
Gemstone Width:2.00 mm
3.00 mm
Makers Mark",45,USD,1,"Jewelry,Ring",,https://img.etsystatic.com/il/00c198/1555716587/il_fullxfull.1555716587_gm26.jpg?version=0,https://img.etsystatic.com/il/bb1d68/1508254354/il_fullxfull.1508254354_25ia.jpg?version=0,https://img.etsystatic.com/il/53a966/1508254358/il_fullxfull.1508254358_d5jy.jpg?version=0,,,,,,,,,,,,,
Solid 14K White Gold 2.3g Pave Set Diamond Wedding Band,"Solid 14K White Gold 2.3g Pave Set Diamond Wedding Band
Size: 6.5
Diamonds:
.20 Ctw
Color: I-J
Clarity SI2
Width: Top 2.5mm
Bottom: 1.9mm 

Maker's Mark and 14K Stamp",75,USD,1,"Jewelry,Ring,Solid_Gold,14K,White_Gold,Pave_Set,Diamond,Wedding_Band","Gold,Diamonds",https://img.etsystatic.com/il/42469f/1508222848/il_fullxfull.1508222848_7pv9.jpg?version=0,,,,,,,,,,,,,,,
Liz Claiborne Alligator Patent Leather Office Tech Bag,"Liz Claiborne Alligator Patent Leather Briefcase

Wear on Base of Outer Straps only

Interior Looks New/Unused, 3 Sections, Pockets and Straps for Laptop / Tech or Files. 
 
Brand Identifier tags are not on bag.",26,USD,1,"Bags_And_Purses,Liz_Claiborne,Alligator,Patent_Leather,Briefcase,Tech_Bag",,https://img.etsystatic.com/il/894373/1555669907/il_fullxfull.1555669907_o3vx.jpg?version=0,,,,,,,,,,,,,,,
Vera Bradley Quilted Red Hobo Bag,"Vera Bradley Quilted Red Hobo Bag

Pre-owned and is in excellent shape.",20,USD,1,"Bags_And_Purses,Red,Vera_Bradley,Quilted,Hobo_Bag",,https://img.etsystatic.com/il/4bcc17/1555665741/il_fullxfull.1555665741_2r1q.jpg?version=0,,,,,,,,,,,,,,,
Vintage Southwestern Sterling Silver Turquoise Heishi Necklaces,"Vintage Southwestern 925 Sterling Silver Turquoise Heishi Necklaces, Signed WR Needle Point Cross Pendant & Dangle Earrings
Measurements:
NECKLACE LENGTHS: 16"" - 22""
PENDANT LENGTH 2 1/4""
EARRING LENGTH 1 1/4""
Markings:
STERLING, WR
Total Weight: 33.3g",65,USD,1,"Jewelry,Necklace,Vintage,Indian,Southwestern,Sterling_Silver,Turquoise,Heishi_Necklaces","Sterling Silver,Turquoise",https://img.etsystatic.com/il/a333b7/1555660419/il_fullxfull.1555660419_j85h.jpg?version=0,https://img.etsystatic.com/il/f42164/1556267119/il_fullxfull.1556267119_o617.jpg?version=0,,,,,,,,,,,,,,
Solid 14Kt Gold Rope Earrings w Pink Gem 2.4g -1 Pair,"1 Pair of Solid 14Kt Gold Rope Earrings w Pink Gem
2.4g

Gold is tested by Jeweler.",58,USD,1,"Jewelry,Earrings,Solid_Gold,14Kt_Gold,Rope_Earrings,Pink_Gem",Gold,https://img.etsystatic.com/il/415c68/1508188896/il_fullxfull.1508188896_br08.jpg?version=0,https://img.etsystatic.com/il/597cdb/1555644591/il_fullxfull.1555644591_6658.jpg?version=0,,,,,,,,,,,,,,
Bandolino Leather Riding Boots,"Bandolino
Leather Riding Boots w Man Made Upper
Size 8.5
Excellent Condition
Pre-owned but looks new",35,USD,1,"Clothing,Shoes,Women,Bandolino,Leather,Riding_Boots",,https://img.etsystatic.com/il/a715f4/1555641987/il_fullxfull.1555641987_j5lc.jpg?version=0,,,,,,,,,,,,,,,
"Solid 10K Beads w Lapis Lazuli 18"" Strand Necklace",Solid 10K Bead w Lapis Lazuli Beaded Necklace,36,USD,1,"Jewelry,Necklace,Lapis_Lazuli,Lapis,Gold,10K_Gold,Solid_Gold","Lapis lazuli,Gold",https://img.etsystatic.com/il/008e77/1508178300/il_fullxfull.1508178300_sylq.jpg?version=0,,,,,,,,,,,,,,,
Marquis by Waterford Bride & Groom Stemmed Flutes,"Marquis by waterford Bride & Groom Stemed Flutes (December 26th 2004 Etched into each glass)
MATERIAL:   Glass
CONDITION:  Good
DIMENSIONS:   10 x 12 x 4

I am assured a qualified professional can etch and polish out the dates if you need it done.",25,USD,1,"Housewares,Crystal,Estate,Waterford,Champagne_Flute",Crystal,https://img.etsystatic.com/il/835110/1508172480/il_fullxfull.1508172480_r86n.jpg?version=0,,,,,,,,,,,,,,,
Shaker Sterling Silver Tableware Set,"Triple Clad Silver-Plated Tableware Set for Coffee, Tea, Water and Fruit Bowl

WEIGHT (GRAMS): 14.06 LBS. 
QUANTITY: 8 pieces
Set consists of: 1 creamer, 1 sugar bowl, 1 Large bowl, 3 pitchers, 1 salt & pepper shaker set, 1 butter dish",55,USD,1,"Housewares,Silver_Dishes",,https://img.etsystatic.com/il/b6602c/1555631237/il_fullxfull.1555631237_601d.jpg?version=0,,,,,,,,,,,,,,,
The Sak Hand Bag,"The Sak Handbag

Color: Black
Length(in.):12.5/10
Width(in.):5.5/4
Height(in.):11.5/11
Drop(in.):10/10
Pre-owned, has some wear on the interior",25,USD,1,Bags_And_Purses,,https://img.etsystatic.com/il/bf7d44/1508167482/il_fullxfull.1508167482_i828.jpg?version=0,,,,,,,,,,,,,,,
Vintage Estate Freshwater Button Pearl Necklace,"Vintage Estate Freshwater Button Pearl Necklace
MARKINGS: .925 on clasp
MATERIALS: Freshwater Pearls, Sterling Silver Clasp
CLASP: Lobster claw
APPROX MEASUREMENTS: 18"" length, 1 x 6mm diameter pearls
WEIGHT: 29.6g",45,USD,1,"Weddings,Jewelry,Fresh_Water_Pear,Pearl_necklace,Estate_pearl,vintage_pearl","pearl,sterling silver",https://img.etsystatic.com/il/9f85c9/1508155722/il_fullxfull.1508155722_fev4.jpg?version=0,,,,,,,,,,,,,,,
Coach Brown Traditional Bag,"Authentic Brown COACH Handbag, this item has been authenticated by a third party authenticator who specializes in designer and vintage fashion and comes with a certificate of authentication

Brand: Coach

Material: Leather, Fabric

Color: Brown

Length (in.): 10in 

Width (in.): 1in

Top of Strap to Purse Body: 7.5in

Number of Inside Pockets: 3",35,USD,1,"Bags_And_Purses,Coach,Handbag",,https://img.etsystatic.com/il/de25f1/1555612101/il_fullxfull.1555612101_fqzn.jpg?version=0,,,,,,,,,,,,,,,
"18"" 14K Gold Rope Link Chain-4.0g","Solid 14K gold rope chain

18"" L x  2mm W

Markings: 14K

Weight: 4.0g",125,USD,1,"Jewelry,Necklace,14K,Solid_Gold,Gold,Chain,Necklace",Gold,https://img.etsystatic.com/il/1c930b/1555607785/il_fullxfull.1555607785_hdft.jpg?version=0,https://img.etsystatic.com/il/cebcfa/1508129516/il_fullxfull.1508129516_i8rn.jpg?version=0,,,,,,,,,,,,,,
18K Gold Mullti Gem Bracelet,"A single Strand gem encrusted [with 2 views in image]
18Kt Triple gold-clad rolled gold over .925 Sterling Silver 
The gems are Fine Jeweler's grade Tourmaline, Peridot, Quartz, two Amethysts, two Topaz, Citrine, and Garnet. 
Each gem is oval shaped, and is approximately 6 mm by 4 mm. 
weighs 8.8 grams.",28,USD,1,"Jewelry,Bracelet,18K_Gold,Sterling_Silver,Tourmaline,Peridot,Quartz,two_Amethysts,two_Topaz,Citrine,Garne",,https://img.etsystatic.com/il/5cd975/1508121078/il_fullxfull.1508121078_58zu.jpg?version=0,,,,,,,,,,,,,,,
18K Gold Bracelet w Ruby Diamond Heart,"Beautiful Heart Charm Bracelet
18KT Over .925 Sterling Silver Bracelet W/ 7 Rubies & 1 Diamond
MARKINGS: .925
Length: 7.5""
WEIGHT: 10.60g
NOTES: 7 Rubies, 1 Diamond, and high grade diamond accents",38,USD,1,"Jewelry,Bracelet,Ruby,Diamond,18K_Gold,Sterling_Silver",,https://img.etsystatic.com/il/a5fd9c/1555576677/il_fullxfull.1555576677_c635.jpg?version=0,,,,,,,,,,,,,,,
Coach Red Handbag,"Coach Red Handbag

Coach handbag, G1J-60948. Red and brown in color; 8 inches long. Condition: Good Pre-owned
NOTE: there are some scuffs along the border
Shipping weight: 0.50 pounds. 
Shipping dimensions: 15 by 10 by 2 (inches).",28,USD,1,"Bags_And_Purses,Coach,Handbag",,https://img.etsystatic.com/il/068040/1508111604/il_fullxfull.1508111604_lvec.jpg?version=0,,,,,,,,,,,,,,,
Vintage Estate Edgar Berebi Brooch,Vintage Estate Edgar Berebi Brooch,25,USD,1,"Weddings,Jewelry,Brooch,Vintage,Estate,Edgar_Berebi,Brooch",,https://img.etsystatic.com/il/e137b1/1555550417/il_fullxfull.1555550417_fkj3.jpg?version=0,,,,,,,,,,,,,,,
Coach White Leather Hobo Bag,Coach White Leather Hobo Bag,25,USD,1,"Bags_And_Purses,Coach_Bag,Leather,Handbag,Hobo",Leather,https://img.etsystatic.com/il/5e30f3/1555546325/il_fullxfull.1555546325_s9gc.jpg?version=0,,,,,,,,,,,,,,,
Kenneth Cole Leather Hobo Bag,"Kenneth Cole Blue Leather Hobo Bag
Pre-owned but looks new",58,USD,1,"Bags_And_Purses,Kenneth_Cole,Handbag,Leather,Hobo",Leather,https://img.etsystatic.com/il/52a185/1557172339/il_fullxfull.1557172339_mzgg.jpg?version=0,,,,,,,,,,,,,,,
Ralph Lauren Handbag,"Length(in.):12.5/10
Width(in.):5.5/4
Height(in.):11.5/11
Drop(in.):10/10
Pre-owned but unused",35,USD,1,"Bags_And_Purses,Ralph_Lauren,Handbag,Tote",,https://img.etsystatic.com/il/4d90cf/1508074658/il_fullxfull.1508074658_kfq7.jpg?version=0,,,,,,,,,,,,,,,
Tommy Hilfiger Purple Handbag,"Tommy Hilfiger Purple  Handbag	
8.5"" x 5"" x 3.6""",28,USD,1,"Bags_And_Purses,Tommy_Hilfiger,Handbag,Purse",,https://img.etsystatic.com/il/8aee16/1555531329/il_fullxfull.1555531329_7677.jpg?version=0,,,,,,,,,,,,,,,
Anne Klein Wristlet Wallet,"Anne Klein Zip Wallet - Wristlet is pre-owned, but it is unused.",28,USD,1,"Accessories,Wallet,Anne_Klein,Wallet,Wristlet",Leather,https://img.etsystatic.com/il/299ff4/1508065816/il_fullxfull.1508065816_s10g.jpg?version=0,,,,,,,,,,,,,,,
Tommy Hilfiger Women's Leather Boots,"Tommy Hilfiger Boots
US Shoe Size (Women's):	7.5
Material:	Leather
Pre-owned",35,USD,1,"Clothing,Shoes,Women,Leather_Boots,Boots,Tommy_Hilfiger",Leather,https://img.etsystatic.com/il/222d45/1508061636/il_fullxfull.1508061636_ff31.jpg?version=0,,,,,,,,,,,,,,,
Fair Brand Leather Hoodie Coat,"Fair Brand Leather Hoodie Coat	

Style:	Hooded Jacket	Size (Women's):	M
Material:	Leather	Size Type:	Regular
Fur Type:	Faux Fur",26,USD,1,"Clothing,Women,Jacket,Leather,Hoodie,Fur_Lined,Leather_Coat",Leather,https://img.etsystatic.com/il/3a60b9/1555517241/il_fullxfull.1555517241_9sib.jpg?version=0,,,,,,,,,,,,,,,
Anne Klein Leather Jacket,"Anne Klein - Lambskin soft
Style:	Jacket	Size (Women's):	L
Material:	Leather	Size Type:	Regular",35,USD,1,"Clothing,Women,Jacket,Anne_Klein,Leather,Jacket,Coat",Leather,https://img.etsystatic.com/il/f05a81/1555501049/il_fullxfull.1555501049_aurn.jpg?version=0,,,,,,,,,,,,,,,
Estate Sterling Silver Lattice Earrings,"Estate Sterling Silver Lattice Earrings 
7g",45,USD,1,"Jewelry,Earrings,Sterling_Silver,Earrings,Estate,Vintage",Silver,https://img.etsystatic.com/il/1292bc/1555495793/il_fullxfull.1555495793_o28g.jpg?version=0,,,,,,,,,,,,,,,
Ralph Lauren Men's Shoes,"Description: Tan Polo Ralph Lauren Shoes Size 6 Men's
Brand: Polo Ralph Lauren
Gender: Men's
Material: Canvas Upper, Rubber/Fabric Sole, Canvas Lining
Size:  6
Measurements: 
Height: 3 1/2""
Width: 3 1/2""
(Measured At The Widest Point Across The Bottom Of The Shoe)
Heel To Toe Inside The Shoe: 7 1/2""",20,USD,1,"Clothing,Shoes,Women,Ralph_Lauren,Shoes",,https://img.etsystatic.com/il/2117de/1555451005/il_fullxfull.1555451005_7a30.jpg?version=0,https://img.etsystatic.com/il/3f94a6/1556266225/il_fullxfull.1556266225_6gaw.jpg?version=0,,,,,,,,,,,,,,
Black Coach Hobo,"Black Coach Handbag
Has Rings, Zip Pulls and Leather Tag with Coach Logo
Braided Leather Strap
Buckle Strap
Suede Patches on sides",30,USD,1,"Bags_And_Purses,Coach,Handbags,Hobo,Leather",,https://img.etsystatic.com/il/183d31/1560685889/il_fullxfull.1560685889_r6cj.jpg?version=0,https://img.etsystatic.com/il/8e786b/1560685271/il_fullxfull.1560685271_72rd.jpg?version=0,https://img.etsystatic.com/il/7fb74d/1555433905/il_fullxfull.1555433905_9ieq.jpg?version=0,,,,,,,,,,,,,
Solid 10K Gold Estate Etched Band,"Vintage Estate 10K Yellow Gold Etched Band Ring 

Size 8
 
Markings:
10K",38,USD,1,"Jewelry,Ring,Solid_Gold,10K_Gold,Wedding_Band,Ring","Gold,10K Gold",https://img.etsystatic.com/il/1c36c9/1507941128/il_fullxfull.1507941128_6659.jpg?version=0,,,,,,,,,,,,,,,
Leather Tasseled Antonio Melani Leather Satchel,"Leather Tasseled Antonio Melani Satchel

3 lbs - 9.5 x 12 x 2

Perfect Condition, unused. Beautiful red seams and finishing.",65,USD,1,"Bags_And_Purses,Antonio_Melani,Leather,Handbag,Bag,Cross_Body,Handled_Bag,Italian,Satchel",Leather,https://img.etsystatic.com/il/ad769b/1509702946/il_fullxfull.1509702946_n9ll.jpg?version=0,,,,,,,,,,,,,,,
Sterling Silver Necklace Set,"2 Sterling Pendant necklaces inc Moon & Stars

Measurements: Both 16"" box chain   1 3/4""  and 1/2"" moon and star pendant

7.5 grams

Str ID: 31",25,USD,1,"Jewelry,Necklace,Sterling_Silver,jewelry,necklace",Silver,https://img.etsystatic.com/il/547f2e/1507916640/il_fullxfull.1507916640_7jvm.jpg?version=0,https://img.etsystatic.com/il/951808/1507917258/il_fullxfull.1507917258_htwv.jpg?version=0,,,,,,,,,,,,,,
